<?xml version="1.0" encoding="UTF-8"?>
<EmailTemplate xmlns="http://soap.sforce.com/2006/04/metadata">
    <available>true</available>
    <description>IMS Transaction Ready for Billing Alert</description>
    <encodingKey>ISO-8859-1</encodingKey>
    <letterhead>SIS_Official_RWB_Letterhead</letterhead>
    <name>IMS Transaction Ready for Billing</name>
    <style>freeForm</style>
    <subject>IMS Transaction {!IMS_Transaction__c.Name} Is Ready For Billing</subject>
    <type>html</type>
</EmailTemplate>
