<?xml version="1.0" encoding="UTF-8"?>
<EmailTemplate xmlns="http://soap.sforce.com/2006/04/metadata">
    <available>true</available>
    <description>Transaction Updates</description>
    <encodingKey>ISO-8859-1</encodingKey>
    <letterhead>SIS_Official_RWB_Letterhead</letterhead>
    <name>Transaction Update</name>
    <style>freeForm</style>
    <subject>IMS Transaction {!IMS_Transaction__c.Name} Update: {!IMS_Transaction__c.Transaction_Status__c}</subject>
    <type>html</type>
</EmailTemplate>
